,url
0,https://news.naver.com/main/read.nhn?mode=LSD&mid=sec&sid1=101&oid=629&aid=0000080385
1,https://news.naver.com/main/read.nhn?mode=LSD&mid=sec&sid1=101&oid=003&aid=0010475123
2,https://news.naver.com/main/read.nhn?mode=LSD&mid=sec&sid1=101&oid=003&aid=0010475018
3,https://news.naver.com/main/read.nhn?mode=LSD&mid=sec&sid1=101&oid=001&aid=0012361443
4,https://news.naver.com/main/read.nhn?mode=LSD&mid=sec&sid1=101&oid=020&aid=0003354445
5,https://news.naver.com/main/read.nhn?mode=LSD&mid=sec&sid1=101&oid=009&aid=0004787122
6,https://news.naver.com/main/read.nhn?mode=LSD&mid=sec&sid1=105&oid=366&aid=0000710078
7,https://news.naver.com/main/read.nhn?mode=LSD&mid=sec&sid1=101&oid=016&aid=0001828523
8,https://news.naver.com/main/read.nhn?mode=LSD&mid=sec&sid1=101&oid=015&aid=0004538485
9,https://news.naver.com/main/read.nhn?mode=LSD&mid=sec&sid1=105&oid=030&aid=0002942096
10,https://news.naver.com/main/read.nhn?mode=LSD&mid=sec&sid1=101&oid=031&aid=0000595919
11,https://news.naver.com/main/read.nhn?mode=LSD&mid=sec&sid1=105&oid=092&aid=0002220667
12,https://news.naver.com/main/read.nhn?mode=LSD&mid=sec&sid1=101&oid=015&aid=0004538525
13,https://news.naver.com/main/read.nhn?mode=LSD&mid=sec&sid1=101&oid=421&aid=0005322688
14,https://news.naver.com/main/read.nhn?mode=LSD&mid=sec&sid1=101&oid=015&aid=0004539164
15,https://news.naver.com/main/read.nhn?mode=LSD&mid=sec&sid1=105&oid=366&aid=0000710400
16,https://news.naver.com/main/read.nhn?mode=LSD&mid=sec&sid1=101&oid=031&aid=0000596161
17,https://news.naver.com/main/read.nhn?mode=LSD&mid=sec&sid1=101&oid=018&aid=0004915014
18,https://news.naver.com/main/read.nhn?mode=LSD&mid=sec&sid1=101&oid=003&aid=0010472826
19,https://news.naver.com/main/read.nhn?mode=LSD&mid=sec&sid1=101&oid=009&aid=0004786699
20,https://news.naver.com/main/read.nhn?mode=LSD&mid=sec&sid1=105&oid=092&aid=0002220617
21,https://news.naver.com/main/read.nhn?mode=LSD&mid=sec&sid1=101&oid=031&aid=0000595844
22,https://news.naver.com/main/read.nhn?mode=LSD&mid=sec&sid1=101&oid=009&aid=0004786651
23,https://news.naver.com/main/read.nhn?mode=LSD&mid=sec&sid1=101&oid=003&aid=0010472786
24,https://news.naver.com/main/read.nhn?mode=LSD&mid=sec&sid1=101&oid=003&aid=0010472774
25,https://news.naver.com/main/read.nhn?mode=LSD&mid=sec&sid1=100&oid=023&aid=0003611048
26,https://news.naver.com/main/read.nhn?mode=LSD&mid=sec&sid1=100&oid=003&aid=0010473622
27,https://news.naver.com/main/read.nhn?mode=LSD&mid=sec&sid1=100&oid=052&aid=0001581677
28,https://news.naver.com/main/read.nhn?mode=LSD&mid=sec&sid1=100&oid=015&aid=0004538441
29,https://news.naver.com/main/read.nhn?mode=LSD&mid=sec&sid1=100&oid=009&aid=0004786659
30,https://news.naver.com/main/read.nhn?mode=LSD&mid=sec&sid1=100&oid=018&aid=0004915207
31,https://news.naver.com/main/read.nhn?mode=LSD&mid=sec&sid1=102&oid=003&aid=0010473478
32,https://news.naver.com/main/read.nhn?mode=LSD&mid=sec&sid1=101&oid=214&aid=0001115561
33,https://news.naver.com/main/read.nhn?mode=LSD&mid=sec&sid1=101&oid=421&aid=0005319984
